{"stats":{"minecraft:mined":{"minecraft:grass_block":21,"minecraft:oak_log":2,"minecraft:moss_block":5},"minecraft:custom":{"minecraft:time_since_rest":2447,"minecraft:leave_game":1,"minecraft:damage_dealt":10,"minecraft:crouch_one_cm":1677,"minecraft:play_time":2447,"minecraft:time_since_death":2447,"minecraft:walk_one_cm":3024,"minecraft:sneak_time":405,"minecraft:total_world_time":2447},"minecraft:used":{"minecraft:dirt":19},"minecraft:picked_up":{"minecraft:oak_log":2,"minecraft:moss_block":5,"minecraft:dirt":20}},"DataVersion":3700}