{"stats":{"minecraft:mined":{"minecraft:grass_block":12},"minecraft:custom":{"minecraft:jump":2,"minecraft:time_since_rest":2252,"minecraft:sprint_one_cm":309,"minecraft:crouch_one_cm":1732,"minecraft:walk_one_cm":1997,"minecraft:play_time":2474,"minecraft:damage_taken":250,"minecraft:time_since_death":2157,"minecraft:deaths":1,"minecraft:sneak_time":758,"minecraft:total_world_time":2474,"minecraft:fly_one_cm":67},"minecraft:picked_up":{"minecraft:dirt":11},"minecraft:used":{"minecraft:dirt":11}},"DataVersion":3700}